<?xml version="1.0" encoding="UTF-8"?>
<suppressedMutations>
  <mutation unstable="false">
    <sourceFile>IllegalInstantiationCheck.java</sourceFile>
    <mutatedClass>com.puppycrawl.tools.checkstyle.checks.coding.IllegalInstantiationCheck</mutatedClass>
    <mutatedMethod>visitToken</mutatedMethod>
    <mutator>org.pitest.mutationtest.engine.gregor.mutators.NonVoidMethodCallMutator</mutator>
    <description>removed call to java/lang/String::valueOf</description>
    <lineContent>throw new IllegalArgumentException(&quot;Unknown type &quot; + ast);</lineContent>
  </mutation>

  <mutation unstable="false">
    <sourceFile>ModifiedControlVariableCheck.java</sourceFile>
    <mutatedClass>com.puppycrawl.tools.checkstyle.checks.coding.ModifiedControlVariableCheck</mutatedClass>
    <mutatedMethod>leaveToken</mutatedMethod>
    <mutator>org.pitest.mutationtest.engine.gregor.mutators.NonVoidMethodCallMutator</mutator>
    <description>removed call to java/lang/String::valueOf</description>
    <lineContent>throw new IllegalStateException(ILLEGAL_TYPE_OF_TOKEN + ast);</lineContent>
  </mutation>

  <mutation unstable="false">
    <sourceFile>ModifiedControlVariableCheck.java</sourceFile>
    <mutatedClass>com.puppycrawl.tools.checkstyle.checks.coding.ModifiedControlVariableCheck</mutatedClass>
    <mutatedMethod>visitToken</mutatedMethod>
    <mutator>org.pitest.mutationtest.engine.gregor.mutators.NonVoidMethodCallMutator</mutator>
    <description>removed call to java/lang/String::valueOf</description>
    <lineContent>throw new IllegalStateException(ILLEGAL_TYPE_OF_TOKEN + ast);</lineContent>
  </mutation>

  <mutation unstable="false">
    <sourceFile>UnusedLocalVariableCheck.java</sourceFile>
    <mutatedClass>com.puppycrawl.tools.checkstyle.checks.coding.UnusedLocalVariableCheck</mutatedClass>
    <mutatedMethod>getBlockContainingLocalAnonInnerClass</mutatedMethod>
    <mutator>org.pitest.mutationtest.engine.gregor.mutators.NegateConditionalsMutator</mutator>
    <description>negated conditional</description>
    <lineContent>if (currentAst.getType() == TokenTypes.LAMBDA) {</lineContent>
  </mutation>

  <mutation unstable="false">
    <sourceFile>UnusedLocalVariableCheck.java</sourceFile>
    <mutatedClass>com.puppycrawl.tools.checkstyle.checks.coding.UnusedLocalVariableCheck</mutatedClass>
    <mutatedMethod>getBlockContainingLocalAnonInnerClass</mutatedMethod>
    <mutator>org.pitest.mutationtest.engine.gregor.mutators.RemoveConditionalMutator_EQUAL_IF</mutator>
    <description>removed conditional - replaced equality check with true</description>
    <lineContent>if (currentAst.getType() == TokenTypes.LAMBDA) {</lineContent>
  </mutation>

  <mutation unstable="false">
    <sourceFile>UnusedLocalVariableCheck.java</sourceFile>
    <mutatedClass>com.puppycrawl.tools.checkstyle.checks.coding.UnusedLocalVariableCheck</mutatedClass>
    <mutatedMethod>isInsideLocalAnonInnerClass</mutatedMethod>
    <mutator>org.pitest.mutationtest.engine.gregor.mutators.NegateConditionalsMutator</mutator>
    <description>negated conditional</description>
    <lineContent>if (currentAst.getType() == TokenTypes.SLIST) {</lineContent>
  </mutation>

  <mutation unstable="false">
    <sourceFile>UnusedLocalVariableCheck.java</sourceFile>
    <mutatedClass>com.puppycrawl.tools.checkstyle.checks.coding.UnusedLocalVariableCheck</mutatedClass>
    <mutatedMethod>isInsideLocalAnonInnerClass</mutatedMethod>
    <mutator>org.pitest.mutationtest.engine.gregor.mutators.RemoveConditionalMutator_EQUAL_IF</mutator>
    <description>removed conditional - replaced equality check with true</description>
    <lineContent>if (currentAst.getType() == TokenTypes.SLIST) {</lineContent>
  </mutation>
</suppressedMutations>
