<?xml version="1.0" encoding="UTF-8"?>
<suppressedMutations>
  <mutation unstable="false">
    <sourceFile>Main.java</sourceFile>
    <mutatedClass>com.puppycrawl.tools.checkstyle.Main</mutatedClass>
    <mutatedMethod>runCheckstyle</mutatedMethod>
    <mutator>org.pitest.mutationtest.engine.gregor.mutators.NonVoidMethodCallMutator</mutator>
    <description>removed call to com/puppycrawl/tools/checkstyle/Main::getOutputStreamOptions</description>
    <lineContent>getOutputStreamOptions(options.outputPath));</lineContent>
  </mutation>

  <mutation unstable="false">
    <sourceFile>Main.java</sourceFile>
    <mutatedClass>com.puppycrawl.tools.checkstyle.Main$CliOptions</mutatedClass>
    <mutatedMethod>getExclusions</mutatedMethod>
    <mutator>org.pitest.mutationtest.engine.gregor.mutators.experimental.NakedReceiverMutator</mutator>
    <description>replaced call to java/util/stream/Stream::map with receiver</description>
    <lineContent>.map(Pattern::quote)</lineContent>
  </mutation>
</suppressedMutations>
