<?xml version="1.0" encoding="UTF-8"?>
<suppressedMutations>
  <mutation unstable="false">
    <sourceFile>JavadocNodeImpl.java</sourceFile>
    <mutatedClass>com.puppycrawl.tools.checkstyle.checks.javadoc.JavadocNodeImpl</mutatedClass>
    <mutatedMethod>toString</mutatedMethod>
    <mutator>org.pitest.mutationtest.engine.gregor.mutators.NonVoidMethodCallMutator</mutator>
    <description>removed call to java/lang/String::valueOf</description>
    <lineContent>+ ", children=" + Arrays.hashCode(children)</lineContent>
  </mutation>

  <mutation unstable="false">
    <sourceFile>JavadocTagInfo.java</sourceFile>
    <mutatedClass>com.puppycrawl.tools.checkstyle.checks.javadoc.JavadocTagInfo$14</mutatedClass>
    <mutatedMethod>isValidOn</mutatedMethod>
    <mutator>org.pitest.mutationtest.engine.gregor.mutators.RemoveConditionalMutator_EQUAL_IF</mutator>
    <description>removed conditional - replaced equality check with true</description>
    <lineContent>return astType == TokenTypes.METHOD_DEF</lineContent>
  </mutation>

  <mutation unstable="false">
    <sourceFile>JavadocTagInfo.java</sourceFile>
    <mutatedClass>com.puppycrawl.tools.checkstyle.checks.javadoc.JavadocTagInfo$15</mutatedClass>
    <mutatedMethod>isValidOn</mutatedMethod>
    <mutator>org.pitest.mutationtest.engine.gregor.mutators.RemoveConditionalMutator_EQUAL_IF</mutator>
    <description>removed conditional - replaced equality check with true</description>
    <lineContent>&amp;&amp; varType.getFirstChild().getType() == TokenTypes.ARRAY_DECLARATOR</lineContent>
  </mutation>

  <mutation unstable="false">
    <sourceFile>JavadocTagInfo.java</sourceFile>
    <mutatedClass>com.puppycrawl.tools.checkstyle.checks.javadoc.JavadocTagInfo$15</mutatedClass>
    <mutatedMethod>isValidOn</mutatedMethod>
    <mutator>org.pitest.mutationtest.engine.gregor.mutators.RemoveConditionalMutator_EQUAL_IF</mutator>
    <description>removed conditional - replaced equality check with true</description>
    <lineContent>return astType == TokenTypes.VARIABLE_DEF</lineContent>
  </mutation>
</suppressedMutations>
